host,Comment,_added_by,_added_at,_review_status
WKSTN-042,IT admin workstation,,,
WKSTN-04233333333,IT admin workstation 33333333,admin,2026-02-19T11:08:13Z,
WKSTN-04255555555,IT admin workstation 555555555,admin,2026-02-19T11:08:13Z,
WKSTN-04266666666,IT admin workstation 666666666,admin,2026-02-19T11:08:13Z,
WKSTN-0427777777,IT admin workstation 7777777777,admin,2026-02-19T11:08:13Z,
WKSTN-042888888888,IT admin workstation 888888888,admin,2026-02-19T11:08:13Z,
WKSTN-042WKSTN-042666777,IT admin workstation 767777777788,admin,2026-02-19T11:08:13Z,
WKSTN-04299999,IT admin workstation,admin,2026-02-19T11:08:13Z,
WKSTN-0420000000,IT admin workstation,admin,2026-02-19T11:08:13Z,
WKSTN-042555555555,666666666 IT admin workstation,admin,2026-02-19T11:08:13Z,
WKSTN-0424444,IT admin workstation,admin,2026-02-19T11:08:13Z,
WKSTN-042WKSTN-042WKSTN-042WKSTN-042WKSTN-042,IT admin workstation,admin,2026-02-19T11:08:13Z,
WKSTN-042WKSTN-042,IT admin workstation,admin,2026-02-19T11:08:13Z,
